Turn,Speaker,POS
1,EXP,det:num
1,EXP,det:num
1,EXP,det:num
1,EXP,det:num
2,EXP,det:num
2,EXP,det:num
2,EXP,det:num
2,EXP,det:num
3,EXP,det:num
3,EXP,det:num
3,EXP,det:num
3,EXP,det:num
4,EXP,n:let
4,EXP,n:let
5,EXP,n:let
5,EXP,n:let
6,EXP,n:let
6,EXP,n:let
7,EXP,adj
7,EXP,n
7,EXP,adj
8,EXP,adj
8,EXP,n
8,EXP,adj
9,EXP,adj
9,EXP,n
9,EXP,adj
10,EXP,adv:tem
10,EXP,cop
10,EXP,+
11,EXP,adv:tem
11,EXP,cop
11,EXP,+
12,EXP,adv:tem
12,EXP,cop
12,EXP,+
13,EXP,n:prop
13,EXP,adj
13,EXP,det:num
13,EXP,det:num
14,EXP,n:prop
14,EXP,adj
14,EXP,det:num
14,EXP,det:num
15,EXP,n:prop
15,EXP,adj
15,EXP,det:num
15,EXP,det:num
16,MOT,cop
16,MOT,pro:sub
16,MOT,adj
16,MOT,?
17,MOT,cop
17,MOT,pro:sub
17,MOT,adj
17,MOT,?
18,MOT,cop
18,MOT,pro:sub
18,MOT,adj
19,MOT,co
20,MOT,co
21,MOT,co
22,MOT,co
22,MOT,n:prop
22,MOT,co
23,MOT,co
23,MOT,n:prop
23,MOT,co
24,MOT,co
24,MOT,n:prop
24,MOT,co
25,mor,*MOT:okay
25,mor,
25,mor,[+
25,mor,bch]
25,mor,31131_31662
26,mor,*MOT:okay
26,mor,
26,mor,[+
26,mor,bch]
26,mor,31131_31662
27,mor,*MOT:okay
27,mor,
27,mor,[+
27,mor,bch]
27,mor,31131_31662
28,mor,*MOT:yeah
28,mor,you
28,mor,found
28,mor,the
28,mor,bottle
28,mor,again
28,mor,
28,mor,31662_33549
29,mor,*MOT:yeah
29,mor,you
29,mor,found
29,mor,the
29,mor,bottle
29,mor,again
29,mor,
29,mor,31662_33549
30,mor,*MOT:yeah
30,mor,you
30,mor,found
30,mor,the
30,mor,bottle
30,mor,again
30,mor,
30,mor,31662_33549
31,mor,*MOT:yeah
31,mor,and
31,mor,the
31,mor,baby
31,mor,
31,mor,35182_37119
32,mor,*MOT:yeah
32,mor,and
32,mor,the
32,mor,baby
32,mor,
32,mor,35182_37119
33,mor,*MOT:yeah
33,mor,and
33,mor,the
33,mor,baby
33,mor,
33,mor,35182_37119
34,mor,*MOT:can
34,mor,you
34,mor,say
34,mor,hi
34,mor,to
34,mor,the
34,mor,baby
34,mor,
34,mor,37119_39122
35,mor,*MOT:can
35,mor,you
35,mor,say
35,mor,hi
35,mor,to
35,mor,the
35,mor,baby
35,mor,
35,mor,37119_39122
36,mor,*MOT:can
36,mor,you
36,mor,say
36,mor,hi
36,mor,to
36,mor,the
36,mor,baby
36,mor,
36,mor,37119_39122
37,mor,*MOT:say
37,mor,hi
37,mor,baby
37,mor,
37,mor,39122_41079
38,mor,*MOT:say
38,mor,hi
38,mor,baby
38,mor,
38,mor,39122_41079
39,mor,*MOT:say
39,mor,hi
39,mor,baby
39,mor,
39,mor,39122_41079
40,mor,*MOT:hi
40,mor,baby
40,mor,
40,mor,41079_43088
41,mor,*MOT:hi
41,mor,baby
41,mor,
41,mor,41079_43088
42,mor,*MOT:hi
42,mor,baby
42,mor,
42,mor,41079_43088
43,mor,*MOT:yeah
43,mor,
43,mor,43088_43817
44,mor,*MOT:yeah
44,mor,
44,mor,43088_43817
45,mor,*MOT:yeah
45,mor,
45,mor,43088_43817
46,mor,*MOT:hi
46,mor,baby
46,mor,
46,mor,43817_46868
47,mor,*MOT:hi
47,mor,baby
47,mor,
47,mor,43817_46868
48,mor,*MOT:hi
48,mor,baby
48,mor,
48,mor,43817_46868
49,mor,*MOT:you
49,mor,have
49,mor,your
49,mor,own
49,mor,bottle
49,mor,
49,mor,46868_50662
50,mor,*MOT:you
50,mor,have
50,mor,your
50,mor,own
50,mor,bottle
50,mor,
50,mor,46868_50662
51,mor,*MOT:you
51,mor,have
51,mor,your
51,mor,own
51,mor,bottle
51,mor,
51,mor,46868_50662
52,mor,*MOT:that
52,mor,you
52,mor,can
52,mor,finish
52,mor,when
52,mor,we're
52,mor,done
52,mor,
52,mor,50662_52153
53,mor,*MOT:that
53,mor,you
53,mor,can
53,mor,finish
53,mor,when
53,mor,we're
53,mor,done
53,mor,
53,mor,50662_52153
54,mor,*MOT:that
54,mor,you
54,mor,can
54,mor,finish
54,mor,when
54,mor,we're
54,mor,done
54,mor,
54,mor,50662_52153
55,mor,*MOT:oh
55,mor,yeah
55,mor,?
55,mor,53367_54590
56,mor,*MOT:oh
56,mor,yeah
56,mor,?
56,mor,53367_54590
57,mor,*MOT:oh
57,mor,yeah
57,mor,
57,mor,53367_54590
58,mor,*MOT:excuse
58,mor,me
58,mor,
58,mor,57029_58327
59,mor,*MOT:excuse
59,mor,me
59,mor,
59,mor,57029_58327
60,mor,*MOT:excuse
60,mor,me
60,mor,
60,mor,57029_58327
61,mor,*MOT:say
61,mor,excuse
61,mor,me
61,mor,
61,mor,58327_59823
62,mor,*MOT:say
62,mor,excuse
62,mor,me
62,mor,
62,mor,58327_59823
63,mor,*MOT:say
63,mor,excuse
63,mor,me
63,mor,
63,mor,58327_59823
64,mor,*MOT:yeah
64,mor,
64,mor,59823_61816
65,mor,*MOT:yeah
65,mor,
65,mor,59823_61816
66,mor,*MOT:yeah
66,mor,
66,mor,59823_61816
67,mor,*MOT:oh
67,mor,you're
67,mor,nice
67,mor,to
67,mor,the
67,mor,baby
67,mor,
67,mor,61816_63404
68,mor,*MOT:oh
68,mor,you're
68,mor,nice
68,mor,to
68,mor,the
68,mor,baby
68,mor,
68,mor,61816_63404
69,mor,*MOT:oh
69,mor,you're
69,mor,nice
69,mor,to
69,mor,the
69,mor,baby
69,mor,
69,mor,61816_63404
70,mor,*MOT:oh
70,mor,yeah
70,mor,
70,mor,63404_68213
71,mor,*MOT:oh
71,mor,yeah
71,mor,
71,mor,63404_68213
72,mor,*MOT:oh
72,mor,yeah
72,mor,
72,mor,63404_68213
73,mor,*MOT:there's
73,mor,lots
73,mor,of
73,mor,fun
73,mor,cords
73,mor,to
73,mor,play
73,mor,with
73,mor,
73,mor,68213_69833
74,mor,*MOT:there's
74,mor,lots
74,mor,of
74,mor,fun
74,mor,cords
74,mor,to
74,mor,play
74,mor,with
74,mor,
74,mor,68213_69833
75,mor,*MOT:there's
75,mor,lots
75,mor,of
75,mor,fun
75,mor,cords
75,mor,to
75,mor,play
75,mor,with
75,mor,
75,mor,68213_69833
76,mor,*MOT:oh
76,mor,that's
76,mor,a
76,mor,new
76,mor,one
76,mor,
76,mor,69833_71156
77,mor,*MOT:oh
77,mor,that's
77,mor,a
77,mor,new
77,mor,one
77,mor,
77,mor,69833_71156
78,mor,*MOT:oh
78,mor,that's
78,mor,a
78,mor,new
78,mor,one
78,mor,
78,mor,69833_71156
79,mor,*MOT:like
79,mor,this
79,mor,way
79,mor,
79,mor,74447_75828
80,mor,*MOT:like
80,mor,this
80,mor,way
80,mor,
80,mor,74447_75828
81,mor,*MOT:like
81,mor,this
81,mor,way
81,mor,
81,mor,74447_75828
82,mor,*MOT:oh
82,mor,do
82,mor,you
82,mor,see
82,mor,the
82,mor,baby
82,mor,?
82,mor,75828_77416
83,mor,*MOT:oh
83,mor,do
83,mor,you
83,mor,see
83,mor,the
83,mor,baby
83,mor,?
83,mor,75828_77416
84,mor,*MOT:oh
84,mor,do
84,mor,you
84,mor,see
84,mor,the
84,mor,baby
84,mor,
84,mor,75828_77416
85,mor,*MOT:can
85,mor,you
85,mor,give
85,mor,the
85,mor,baby
85,mor,kisses
85,mor,?
85,mor,77416_79589
86,mor,*MOT:can
86,mor,you
86,mor,give
86,mor,the
86,mor,baby
86,mor,kisses
86,mor,?
86,mor,77416_79589
87,mor,*MOT:can
87,mor,you
87,mor,give
87,mor,the
87,mor,baby
87,mor,kisses
87,mor,
87,mor,77416_79589
88,mor,*MOT:oh
88,mor,
88,mor,79589_83314
89,mor,*MOT:oh
89,mor,
89,mor,79589_83314
90,mor,*MOT:oh
90,mor,
90,mor,79589_83314
91,mor,*MOT:what's
91,mor,that
91,mor,in
91,mor,your
91,mor,hand
91,mor,?
91,mor,83314_84599
92,mor,*MOT:what's
92,mor,that
92,mor,in
92,mor,your
92,mor,hand
92,mor,?
92,mor,83314_84599
93,mor,*MOT:what's
93,mor,that
93,mor,in
93,mor,your
93,mor,hand
93,mor,
93,mor,83314_84599
94,mor,*MOT:what's
94,mor,that
94,mor,a
94,mor,can
94,mor,of
94,mor,?
94,mor,84599_86443
95,mor,*MOT:what's
95,mor,that
95,mor,a
95,mor,can
95,mor,of
95,mor,?
95,mor,84599_86443
96,mor,*MOT:what's
96,mor,that
96,mor,a
96,mor,can
96,mor,of
96,mor,
96,mor,84599_86443
97,mor,*MOT:huh
97,mor,?
97,mor,86443_90115
98,mor,*MOT:huh
98,mor,?
98,mor,86443_90115
99,mor,*MOT:huh
99,mor,
99,mor,86443_90115
100,mor,*MOT:oh
100,mor,yeah
100,mor,
100,mor,90115_91597
101,mor,*MOT:oh
101,mor,yeah
101,mor,
101,mor,90115_91597
102,mor,*MOT:oh
102,mor,yeah
102,mor,
102,mor,90115_91597
103,mor,*MOT:what
103,mor,does
103,mor,that
103,mor,baby
103,mor,look
103,mor,like
103,mor,?
103,mor,91597_94515
104,mor,*MOT:what
104,mor,does
104,mor,that
104,mor,baby
104,mor,look
104,mor,like
104,mor,?
104,mor,91597_94515
105,mor,*MOT:what
105,mor,does
105,mor,that
105,mor,baby
105,mor,look
105,mor,like
105,mor,
105,mor,91597_94515
106,mor,*MOT:oh
106,mor,excuse
106,mor,you
106,mor,
106,mor,94515_98022
107,mor,*MOT:oh
107,mor,excuse
107,mor,you
107,mor,
107,mor,94515_98022
108,mor,*MOT:oh
108,mor,excuse
108,mor,you
108,mor,
108,mor,94515_98022
109,mor,*MOT:mister
109,mor,
109,mor,98022_98871
110,mor,*MOT:mister
110,mor,
110,mor,98022_98871
111,mor,*MOT:mister
111,mor,
111,mor,98022_98871
112,mor,*MOT:excuse
112,mor,you
112,mor,mister
112,mor,
112,mor,98871_101831
113,mor,*MOT:excuse
113,mor,you
113,mor,mister
113,mor,
113,mor,98871_101831
114,mor,*MOT:excuse
114,mor,you
114,mor,mister
114,mor,
114,mor,98871_101831
115,mor,*MOT:huh
115,mor,
115,mor,101831_104397
116,mor,*MOT:huh
116,mor,
116,mor,101831_104397
117,mor,*MOT:huh
117,mor,
117,mor,101831_104397
118,mor,*MOT:what
118,mor,do
118,mor,you
118,mor,see
118,mor,?
118,mor,104397_105551
119,mor,*MOT:what
119,mor,do
119,mor,you
119,mor,see
119,mor,?
119,mor,104397_105551
120,mor,*MOT:what
120,mor,do
120,mor,you
120,mor,see
120,mor,
120,mor,104397_105551
121,mor,*MOT:oh
121,mor,did
121,mor,you
121,mor,wanna
121,mor,look
121,mor,at
121,mor,+
121,mor,105551_107951
122,mor,*MOT:oh
122,mor,did
122,mor,you
122,mor,wanna
122,mor,look
122,mor,at
122,mor,+
122,mor,105551_107951
123,mor,*MOT:oh
123,mor,did
123,mor,you
123,mor,wanna
123,mor,look
123,mor,at
123,mor,+
123,mor,105551_107951
124,mor,*MOT:oh
124,mor,look
124,mor,at
124,mor,the
124,mor,ducks
124,mor,
124,mor,107951_110522
125,mor,*MOT:oh
125,mor,look
125,mor,at
125,mor,the
125,mor,ducks
125,mor,
125,mor,107951_110522
126,mor,*MOT:oh
126,mor,look
126,mor,at
126,mor,the
126,mor,ducks
126,mor,
126,mor,107951_110522
127,mor,*MOT:we
127,mor,have
127,mor,a
127,mor,book
127,mor,like
127,mor,this
127,mor,at
127,mor,home
127,mor,right
127,mor,?
127,mor,110522_113123
128,mor,*MOT:we
128,mor,have
128,mor,a
128,mor,book
128,mor,like
128,mor,this
128,mor,at
128,mor,home
128,mor,right
128,mor,?
128,mor,110522_113123
129,mor,*MOT:we
129,mor,have
129,mor,a
129,mor,book
129,mor,like
129,mor,this
129,mor,at
129,mor,home
129,mor,right
129,mor,
129,mor,110522_113123
130,mor,*MOT:does
130,mor,baby
130,mor,see
130,mor,the
130,mor,ducks
130,mor,?
130,mor,113123_115419
131,mor,*MOT:does
131,mor,baby
131,mor,see
131,mor,the
131,mor,ducks
131,mor,?
131,mor,113123_115419
132,mor,*MOT:does
132,mor,baby
132,mor,see
132,mor,the
132,mor,ducks
132,mor,
132,mor,113123_115419
133,mor,*MOT:and
133,mor,the
133,mor,lamb
133,mor,
133,mor,115419_118280
134,mor,*MOT:and
134,mor,the
134,mor,lamb
134,mor,
134,mor,115419_118280
135,mor,*MOT:and
135,mor,the
135,mor,lamb
135,mor,
135,mor,115419_118280
136,mor,*MOT:and
136,mor,the
136,mor,lamb
137,mor,*MOT:and
137,mor,the
137,mor,lamb
138,mor,*MOT:and
138,mor,the
138,mor,lamb
139,mor,*MOT:how's
139,mor,that
139,mor,feel
139,mor,?
139,mor,118280_122084
140,mor,*MOT:how's
140,mor,that
140,mor,feel
140,mor,?
140,mor,118280_122084
141,mor,*MOT:how's
141,mor,that
141,mor,feel
141,mor,
141,mor,118280_122084
142,mor,*MOT:that
142,mor,soft
142,mor,?
142,mor,122084_123876
143,mor,*MOT:that
143,mor,soft
143,mor,?
143,mor,122084_123876
144,mor,*MOT:that
144,mor,soft
144,mor,
144,mor,122084_123876
145,mor,*MOT:oh
145,mor,say
145,mor,no
145,mor,thank
145,mor,you
145,mor,
145,mor,123876_125513
146,mor,*MOT:oh
146,mor,say
146,mor,no
146,mor,thank
146,mor,you
146,mor,
146,mor,123876_125513
147,mor,*MOT:oh
147,mor,say
147,mor,no
147,mor,thank
147,mor,you
147,mor,
147,mor,123876_125513
148,mor,*MOT:no
148,mor,thank
148,mor,you
148,mor,
148,mor,125513_127391
149,mor,*MOT:no
149,mor,thank
149,mor,you
149,mor,
149,mor,125513_127391
150,mor,*MOT:no
150,mor,thank
150,mor,you
150,mor,
150,mor,125513_127391
151,mor,*MOT:you
151,mor,wanna
151,mor,eat
151,mor,instead
151,mor,?
151,mor,127391_129492
152,mor,*MOT:you
152,mor,wanna
152,mor,eat
152,mor,instead
152,mor,?
152,mor,127391_129492
153,mor,*MOT:you
153,mor,wanna
153,mor,eat
153,mor,instead
153,mor,
153,mor,127391_129492
154,mor,*MOT:do
154,mor,you
154,mor,wanna
154,mor,eat
154,mor,instead
154,mor,?
154,mor,129492_133201
155,mor,*MOT:do
155,mor,you
155,mor,wanna
155,mor,eat
155,mor,instead
155,mor,?
155,mor,129492_133201
156,mor,*MOT:do
156,mor,you
156,mor,wanna
156,mor,eat
156,mor,instead
156,mor,
156,mor,129492_133201
157,mor,*MOT:I
157,mor,have
157,mor,a
157,mor,spoon
157,mor,too
157,mor,
157,mor,133201_135017
158,mor,*MOT:I
158,mor,have
158,mor,a
158,mor,spoon
158,mor,too
158,mor,
158,mor,133201_135017
159,mor,*MOT:I
159,mor,have
159,mor,a
159,mor,spoon
159,mor,too
159,mor,
159,mor,133201_135017
160,mor,*MOT:oh
160,mor,would
160,mor,you
160,mor,like
160,mor,them
160,mor,both
160,mor,?
160,mor,135017_137266
161,mor,*MOT:oh
161,mor,would
161,mor,you
161,mor,like
161,mor,them
161,mor,both
161,mor,?
161,mor,135017_137266
162,mor,*MOT:oh
162,mor,would
162,mor,you
162,mor,like
162,mor,them
162,mor,both
162,mor,
162,mor,135017_137266
163,mor,*MOT:okay
163,mor,
163,mor,137266_138379
164,mor,*MOT:okay
164,mor,
164,mor,137266_138379
165,mor,*MOT:okay
165,mor,
165,mor,137266_138379
166,mor,*MOT:that
166,mor,one
166,mor,has
166,mor,monkeys
166,mor,on
166,mor,it
166,mor,
166,mor,138379_142088
167,mor,*MOT:that
167,mor,one
167,mor,has
167,mor,monkeys
167,mor,on
167,mor,it
167,mor,
167,mor,138379_142088
168,mor,*MOT:that
168,mor,one
168,mor,has
168,mor,monkeys
168,mor,on
168,mor,it
168,mor,
168,mor,138379_142088
169,mor,*MOT:uhoh
169,mor,
169,mor,142088_145321
170,mor,*MOT:uhoh
170,mor,
170,mor,142088_145321
171,mor,*MOT:uhoh
171,mor,
171,mor,142088_145321
172,mor,*MOT:uhoh
172,mor,
172,mor,145321_148402
173,mor,*MOT:uhoh
173,mor,
173,mor,145321_148402
174,mor,*MOT:uhoh
174,mor,
174,mor,145321_148402
175,mor,*MOT:thank
175,mor,you
175,mor,
175,mor,148402_151883
176,mor,*MOT:thank
176,mor,you
176,mor,
176,mor,148402_151883
177,mor,*MOT:thank
177,mor,you
177,mor,
177,mor,148402_151883
178,mor,*MOT:oh
178,mor,a
178,mor,waffle
178,mor,
178,mor,151883_155123
179,mor,*MOT:oh
179,mor,a
179,mor,waffle
179,mor,
179,mor,151883_155123
180,mor,*MOT:oh
180,mor,a
180,mor,waffle
180,mor,
180,mor,151883_155123
181,mor,*MOT:how's
181,mor,that
181,mor,waffle
181,mor,taste
181,mor,?
181,mor,155123_157602
182,mor,*MOT:how's
182,mor,that
182,mor,waffle
182,mor,taste
182,mor,?
182,mor,155123_157602
183,mor,*MOT:how's
183,mor,that
183,mor,waffle
183,mor,taste
183,mor,
183,mor,155123_157602
184,mor,*MOT:I
184,mor,got
184,mor,it
184,mor,
184,mor,[+
184,mor,bch]
184,mor,164461_165128
185,mor,*MOT:I
185,mor,got
185,mor,it
185,mor,
185,mor,[+
185,mor,bch]
185,mor,164461_165128
186,mor,*MOT:I
186,mor,got
186,mor,it
186,mor,
186,mor,[+
186,mor,bch]
186,mor,164461_165128
187,mor,*MOT:yeah
187,mor,
187,mor,165128_167760
188,mor,*MOT:yeah
188,mor,
188,mor,165128_167760
189,mor,*MOT:yeah
189,mor,
189,mor,165128_167760
190,mor,*MOT:a
190,mor,waffle
190,mor,
190,mor,167760_169894
191,mor,*MOT:a
191,mor,waffle
191,mor,
191,mor,167760_169894
192,mor,*MOT:a
192,mor,waffle
192,mor,
192,mor,167760_169894
193,mor,*MOT:a
193,mor,waffle
193,mor,
193,mor,169894_171532
194,mor,*MOT:a
194,mor,waffle
194,mor,
194,mor,169894_171532
195,mor,*MOT:a
195,mor,waffle
195,mor,
195,mor,169894_171532
196,mor,*MOT:say
196,mor,yum
196,mor,yum
196,mor,yum
196,mor,
196,mor,171532_175595
197,mor,*MOT:say
197,mor,yum
197,mor,yum
197,mor,yum
197,mor,
197,mor,171532_175595
198,mor,*MOT:say
198,mor,yum
198,mor,yum
198,mor,yum
198,mor,
198,mor,171532_175595
199,mor,*MOT:huh
199,mor,
199,mor,175595_176309
200,mor,*MOT:huh
200,mor,
200,mor,175595_176309
201,mor,*MOT:huh
201,mor,
201,mor,175595_176309
202,mor,*MOT:yum
202,mor,yum
202,mor,yum
202,mor,
202,mor,176309_179069
203,mor,*MOT:yum
203,mor,yum
203,mor,yum
203,mor,
203,mor,176309_179069
204,mor,*MOT:yum
204,mor,yum
204,mor,yum
204,mor,
204,mor,176309_179069
205,mor,*MOT:oh
205,mor,should
205,mor,we
205,mor,have
205,mor,some
205,mor,apple
205,mor,juice
205,mor,?
205,mor,179069_183597
206,mor,*MOT:oh
206,mor,should
206,mor,we
206,mor,have
206,mor,some
206,mor,apple
206,mor,juice
206,mor,?
206,mor,179069_183597
207,mor,*MOT:oh
207,mor,should
207,mor,we
207,mor,have
207,mor,some
207,mor,apple
207,mor,juice
207,mor,
207,mor,179069_183597
208,mor,*MOT:can
208,mor,mommy
208,mor,drink
208,mor,some
208,mor,?
208,mor,183597_184891
209,mor,*MOT:can
209,mor,mommy
209,mor,drink
209,mor,some
209,mor,?
209,mor,183597_184891
210,mor,*MOT:can
210,mor,mommy
210,mor,drink
210,mor,some
210,mor,
210,mor,183597_184891
211,mor,*MOT:can
211,mor,momma
211,mor,drink
211,mor,some
211,mor,?
211,mor,184891_188982
212,mor,*MOT:can
212,mor,momma
212,mor,drink
212,mor,some
212,mor,?
212,mor,184891_188982
213,mor,*MOT:can
213,mor,momma
213,mor,drink
213,mor,some
213,mor,
213,mor,184891_188982
214,mor,*MOT:oh
214,mor,you
214,mor,had
214,mor,peas
214,mor,with
214,mor,lunch
214,mor,today
214,mor,
214,mor,188982_190849
215,mor,*MOT:oh
215,mor,you
215,mor,had
215,mor,peas
215,mor,with
215,mor,lunch
215,mor,today
215,mor,
215,mor,188982_190849
216,mor,*MOT:oh
216,mor,you
216,mor,had
216,mor,peas
216,mor,with
216,mor,lunch
216,mor,today
216,mor,
216,mor,188982_190849
217,mor,*MOT:oh
217,mor,very
217,mor,good
217,mor,!
217,mor,190849_193275
218,mor,*MOT:oh
218,mor,very
218,mor,good
218,mor,
218,mor,190849_193275
219,mor,*MOT:oh
219,mor,very
219,mor,good
219,mor,
219,mor,190849_193275
220,mor,*MOT:uhoh
220,mor,
220,mor,193275_194273
221,mor,*MOT:uhoh
221,mor,
221,mor,193275_194273
222,mor,*MOT:uhoh
222,mor,
222,mor,193275_194273
223,mor,*MOT:gonna
223,mor,put
223,mor,the
223,mor,peas
223,mor,on
223,mor,top
223,mor,of
223,mor,the
223,mor,apple
223,mor,juice
223,mor,?
223,mor,196639_199589
224,mor,*MOT:gonna
224,mor,put
224,mor,the
224,mor,peas
224,mor,on
224,mor,top
224,mor,of
224,mor,the
224,mor,apple
224,mor,juice
224,mor,?
224,mor,196639_199589
225,mor,*MOT:gonna
225,mor,put
225,mor,the
225,mor,peas
225,mor,on
225,mor,top
225,mor,of
225,mor,the
225,mor,apple
225,mor,juice
225,mor,
225,mor,196639_199589
226,mor,*MOT:good
226,mor,job
226,mor,buddy
226,mor,
226,mor,199589_200733
227,mor,*MOT:good
227,mor,job
227,mor,buddy
227,mor,
227,mor,199589_200733
228,mor,*MOT:good
228,mor,job
228,mor,buddy
228,mor,
228,mor,199589_200733
229,mor,*MOT:good
229,mor,job
229,mor,
229,mor,200733_203012
230,mor,*MOT:good
230,mor,job
230,mor,
230,mor,200733_203012
231,mor,*MOT:good
231,mor,job
231,mor,
231,mor,200733_203012
232,mor,*MOT:you
232,mor,buildin(g)
232,mor,a
232,mor,tower
232,mor,?
232,mor,203012_204254
233,mor,*MOT:you
233,mor,buildin(g)
233,mor,a
233,mor,tower
233,mor,?
233,mor,203012_204254
234,mor,*MOT:you
234,mor,buildin(g)
234,mor,a
234,mor,tower
234,mor,
234,mor,203012_204254
235,mor,*MOT:mommy
235,mor,will
235,mor,put
235,mor,some
235,mor,on
235,mor,the
235,mor,peanut
235,mor,butter
235,mor,
235,mor,204254_207134
236,mor,*MOT:mommy
236,mor,will
236,mor,put
236,mor,some
236,mor,on
236,mor,the
236,mor,peanut
236,mor,butter
236,mor,
236,mor,204254_207134
237,mor,*MOT:mommy
237,mor,will
237,mor,put
237,mor,some
237,mor,on
237,mor,the
237,mor,peanut
237,mor,butter
237,mor,
237,mor,204254_207134
238,mor,*MOT:I'm
238,mor,gonna
238,mor,put
238,mor,that
238,mor,pizza
238,mor,on
238,mor,the
238,mor,peanut
238,mor,butter
238,mor,
238,mor,207134_210132
239,mor,*MOT:I'm
239,mor,gonna
239,mor,put
239,mor,that
239,mor,pizza
239,mor,on
239,mor,the
239,mor,peanut
239,mor,butter
239,mor,
239,mor,207134_210132
240,mor,*MOT:I'm
240,mor,gonna
240,mor,put
240,mor,that
240,mor,pizza
240,mor,on
240,mor,the
240,mor,peanut
240,mor,butter
240,mor,
240,mor,207134_210132
241,mor,*MOT:oh
241,mor,no
241,mor,
241,mor,210132_213721
242,mor,*MOT:oh
242,mor,no
242,mor,
242,mor,210132_213721
243,mor,*MOT:oh
243,mor,no
243,mor,
243,mor,210132_213721
244,mor,*MOT:apple
244,mor,juice
244,mor,
244,mor,213721_216180
245,mor,*MOT:apple
245,mor,juice
245,mor,
245,mor,213721_216180
246,mor,*MOT:apple
246,mor,juice
246,mor,
246,mor,213721_216180
247,mor,*MOT:and
247,mor,peas
247,mor,
247,mor,216180_217430
248,mor,*MOT:and
248,mor,peas
248,mor,
248,mor,216180_217430
249,mor,*MOT:and
249,mor,peas
249,mor,
249,mor,216180_217430
250,mor,*MOT:he's
250,mor,fine
250,mor,
250,mor,[+
250,mor,bch]
250,mor,221798_222654
251,mor,*MOT:he's
251,mor,fine
251,mor,
251,mor,[+
251,mor,bch]
251,mor,221798_222654
252,mor,*MOT:he's
252,mor,fine
252,mor,
252,mor,[+
252,mor,bch]
252,mor,221798_222654
253,mor,*MOT:oh
253,mor,the
253,mor,peas
253,mor,on
253,mor,top
253,mor,of
253,mor,the
253,mor,peanut
253,mor,butter
253,mor,huh
253,mor,
253,mor,222654_227918
254,mor,*MOT:oh
254,mor,the
254,mor,peas
254,mor,on
254,mor,top
254,mor,of
254,mor,the
254,mor,peanut
254,mor,butter
254,mor,huh
254,mor,
254,mor,222654_227918
255,mor,*MOT:oh
255,mor,the
255,mor,peas
255,mor,on
255,mor,top
255,mor,of
255,mor,the
255,mor,peanut
255,mor,butter
255,mor,huh
255,mor,
255,mor,222654_227918
256,mor,*MOT:do
256,mor,you
256,mor,wanna
256,mor,put
256,mor,the
256,mor,spaghetti
256,mor,on
256,mor,top
256,mor,of
256,mor,the
256,mor,apple
256,mor,juice
256,mor,?
256,mor,227918_236503
257,mor,*MOT:do
257,mor,you
257,mor,wanna
257,mor,put
257,mor,the
257,mor,spaghetti
257,mor,on
257,mor,top
257,mor,of
257,mor,the
257,mor,apple
257,mor,juice
257,mor,?
257,mor,227918_236503
258,mor,*MOT:do
258,mor,you
258,mor,wanna
258,mor,put
258,mor,the
258,mor,spaghetti
258,mor,on
258,mor,top
258,mor,of
258,mor,the
258,mor,apple
258,mor,juice
258,mor,
258,mor,227918_236503
259,mor,*MOT:or
259,mor,no
259,mor,you
259,mor,wanna
259,mor,eat
259,mor,it
259,mor,?
259,mor,236503_238404
260,mor,*MOT:or
260,mor,no
260,mor,you
260,mor,wanna
260,mor,eat
260,mor,it
260,mor,?
260,mor,236503_238404
261,mor,*MOT:or
261,mor,no
261,mor,you
261,mor,wanna
261,mor,eat
261,mor,it
261,mor,
261,mor,236503_238404
262,mor,*MOT:yummy
262,mor,yummy
262,mor,
262,mor,238404_242479
263,mor,*MOT:yummy
263,mor,yummy
263,mor,
263,mor,238404_242479
264,mor,*MOT:yummy
264,mor,yummy
264,mor,
264,mor,238404_242479
265,mor,*MOT:oh
265,mor,what
265,mor,do
265,mor,we
265,mor,see
265,mor,over
265,mor,here
265,mor,?
265,mor,242479_247308
266,mor,*MOT:oh
266,mor,what
266,mor,do
266,mor,we
266,mor,see
266,mor,over
266,mor,here
266,mor,?
266,mor,242479_247308
267,mor,*MOT:oh
267,mor,what
267,mor,do
267,mor,we
267,mor,see
267,mor,over
267,mor,here
267,mor,
267,mor,242479_247308
268,mor,*MOT:oh
268,mor,what's
268,mor,over
268,mor,here
268,mor,?
268,mor,247308_249702
269,mor,*MOT:oh
269,mor,what's
269,mor,over
269,mor,here
269,mor,?
269,mor,247308_249702
270,mor,*MOT:oh
270,mor,what's
270,mor,over
270,mor,here
270,mor,
270,mor,247308_249702
271,mor,*MOT:there's
271,mor,lots
271,mor,of
271,mor,big
271,mor,spoons
271,mor,
271,mor,249702_252030
272,mor,*MOT:there's
272,mor,lots
272,mor,of
272,mor,big
272,mor,spoons
272,mor,
272,mor,249702_252030
273,mor,*MOT:there's
273,mor,lots
273,mor,of
273,mor,big
273,mor,spoons
273,mor,
273,mor,249702_252030
274,mor,*MOT:I
274,mor,know
274,mor,
274,mor,252030_254364
275,mor,*MOT:I
275,mor,know
275,mor,
275,mor,252030_254364
276,mor,*MOT:I
276,mor,know
276,mor,
276,mor,252030_254364
277,mor,*MOT:that
277,mor,looks
277,mor,like
277,mor,so
277,mor,much
277,mor,fun
277,mor,
277,mor,254364_256155
278,mor,*MOT:that
278,mor,looks
278,mor,like
278,mor,so
278,mor,much
278,mor,fun
278,mor,
278,mor,254364_256155
279,mor,*MOT:that
279,mor,looks
279,mor,like
279,mor,so
279,mor,much
279,mor,fun
279,mor,
279,mor,254364_256155
280,mor,*MOT:<but
280,mor,let's>
280,mor,[/]
280,mor,let's
280,mor,look
280,mor,at
280,mor,this
280,mor,stuff
280,mor,
280,mor,256155_258840
281,mor,*MOT:<but
281,mor,let's>
281,mor,[/]
281,mor,let's
281,mor,look
281,mor,at
281,mor,this
281,mor,stuff
281,mor,
281,mor,256155_258840
282,mor,*MOT:<but
282,mor,let's>
282,mor,[/]
282,mor,let's
282,mor,look
282,mor,at
282,mor,this
282,mor,stuff
282,mor,
282,mor,256155_258840
